Particle Type,Pressure (mbar),f1 Peak Frequency (Hz),f2 Peak Frequency (Hz),f3 Peak Frequency (Hz),f1 Radius (m),f2 Radius (m),f3 Radius (m),f1 Mass (kg),f2 Mass (kg),f3 Mass (kg),f1 Damping,f2 Damping,f3 Damping,f1 A Parameter,f2 A Parameter,f3 A Parameter,f1 Conversion Factor (V m^-1),f2 Conversion Factor (V m^-1),f3 Conversion Factor (V m^-1),f1 Signal,f2 Signal,f3 Signal,Noise Floor,f1 Signal-to-noise Value,f2 Signal-to-noise Value,f3 Signal-to-noise Value
SiNP,3.54,134922.0,211863.0,239476.0,1.45e-07,1.3e-07,1.19e-07,2.28e-17,1.65e-17,1.26e-17,3700.0,4120.0,4510.0,53700000000.0,34100000000.0,5650000000.0,200000.0,129000.0,44000.0,5.498862e-09,8.0504253e-10,2.0202479e-10,2.514141e-13,21871.732,3202.058,803.55396
SiNP,3.54,139785.0,213320.0,239286.0,1.4199999999999997e-07,1.28e-07,6.000000000000001e-08,2.1800000000000004e-17,1.5900000000000003e-17,1.63e-18,3750.0,4170.0,8920.0,353000000000.0,141400000000.0,6490000000.0,500000.0,254999.99999999997,11900.0,2.8388557e-08,2.7631009e-09,7.373276e-11,3.3283787e-13,85292.45,8301.642,221.52757
SiNP,3.58,139738.0,191300.0,226740.0,1.09e-07,2.89e-08,1.99e-08,9.7e-18,1.82e-19,5.9e-20,4980.0,18700.0,27200.000000000004,137200000000.00002,1870000000.0,2200000000.0,179000.0,1480.0,760.0,2.9657659e-09,3.955848e-12,2.0255809e-12,2.5814176e-13,11488.903,15.324324,7.846777
SiNP,3.56,135483.0,202928.0,225030.00000000003,1.79e-07,1.59e-07,5.03e-08,4.3e-17,3.0400000000000005e-17,9.599999999999999e-19,3000.0,3380.0,10700.0,272000000000.00003,112999999999.99998,3530000000.0,690000.0,350000.0,6200.0,3.3891148e-08,4.1390495e-09,2.5887055e-11,3.991096e-13,84916.9,10370.709,64.86202
SiNP,3.53,136054.0,209189.0,234708.0,1.38e-07,1.48e-07,8.720000000000001e-08,1.9800000000000002e-17,2.4300000000000005e-17,5e-18,3870.0,3610.0,6110.0,121200000000.0,48900000000.0,3070000000.0,274000.0,199000.0,17400.0,5.8653473e-09,2.2477562e-09,3.4671873e-11,2.71074e-13,21637.441,8292.039,127.90557
SiNP,3.49,130264.0,199700.0,220940.0,9.26e-08,9.039999999999999e-08,4.71e-08,6.0000000000000004e-18,5.6e-18,7.9e-19,5690.0,5830.0,11200.000000000002,233000000000.0,119200000000.0,7410000000.0,172000.0,117000.0,7900.0,1.3217399e-08,1.122204e-09,4.0779713e-11,3.308789e-13,39946.332,3391.5852,123.246635
SiNP,3.66,127120.0,195566.0,215113.0,9.26e-08,9.970000000000001e-08,6.320000000000001e-08,6.0000000000000004e-18,7.5e-18,1.9100000000000002e-18,5970.0,5540.0,8740.0,164500000000.0,90600000000.0,9010000000.0,141000.0,121000.0,15400.0,4.691804e-09,1.5109172e-09,4.5504593e-11,3.0293956e-13,15487.591,4987.52,150.21014
SiNP,3.5,137230.0,203313.0,224191.0,1.99e-07,1.7699999999999998e-07,1.1799999999999998e-07,5.900000000000001e-17,4.2000000000000005e-17,1.2300000000000001e-17,2660.0,2980.0,4490.0,20240000000.0,31100000000.0,1570000000.0,234000.0,229999.99999999997,22799.999999999996,5.1236664e-09,2.099648e-09,3.8080372e-11,2.7426396e-13,18681.516,7655.574,138.8457
SiNP,3.54,135747.0,199615.0,219331.0,1.85e-07,1.9499999999999999e-07,1.1699999999999999e-07,4.8000000000000003e-17,5.6e-17,1.19e-17,2890.0,2740.0,4590.0,25800000000.0,33500000000.0,2710000000.0,227000.0,290000.0,29000.0,2.4895221e-09,3.09372e-09,8.2490896e-11,2.7655173e-13,9002.013,11186.768,298.28378
SiNP,3.55,136003.0,199886.0,220325.0,1.8999999999999998e-07,2.0299999999999998e-07,1e-07,5.1e-17,6.3e-17,7.6e-18,2830.0,2640.0,5350.0,23280000000.0,27500000000.0,1930000000.0,225999.99999999997,280000.0,18200.0,5.018661e-09,1.5938582e-09,2.002829e-11,2.5270346e-13,19859.883,6307.2275,79.256096
SiNP,3.54,139166.0,208453.0,230550.0,1.5e-07,1.32e-07,2.6600000000000003e-08,2.57e-17,1.75e-17,1.4099999999999999e-19,3550.0,4040.0,20099.999999999996,18250000000.0,39000000000.0,1790000000.0,126000.0,143000.0,1230.0,1.4106535e-09,1.9270001e-09,3.2820383e-12,2.5685096e-13,5492.109,7502.406,12.777987
SiNP,3.56,140403.0,214736.0,241797.0,1.26e-07,1.38e-07,7.85e-08,1.5200000000000002e-17,1.97e-17,3.6e-18,4250.0,3910.0,6850.0,5720000000.0,21509999999.999996,1556000000.0,50000.0,113999.99999999999,10000.0,2.1965857e-10,8.3036483e-10,2.2710854e-11,2.4713781e-13,888.81006,3359.9263,91.89551
SiNP,3.51,132216.0,204176.0,227176.0,8.720000000000001e-08,8.54e-08,5.47e-08,5e-18,4.7000000000000004e-18,1.23e-18,6080.0,6210.0,9700.0,2340000000.0,24100000000.0,1990000000.0,15200.0,47000.0,5500.0,8.3000606e-11,3.9257955e-10,9.146218e-12,2.4620535e-13,337.11945,1594.5209,37.14874
SiNP,3.52,133452.0,195124.0,215067.0,1.83e-07,2e-07,1.1299999999999998e-07,4.7000000000000006e-17,6e-17,1.0900000000000002e-17,2900.0,2660.0,4700.0,29000000000.0,33600000000.0,2470000000.0,237000.0,300000.0,26000.0,4.7509996e-09,2.621428e-09,9.280657e-11,2.9329206e-13,16198.869,8937.944,316.43054
SiNP,3.54,136379.0,201236.0,222213.0,2.04e-07,2.0099999999999996e-07,1.1799999999999998e-07,6.4e-17,6.1e-17,1.2300000000000001e-17,2620.0,2660.0,4550.0,20690000000.0,27300000000.0,1324000000.0,247000.00000000003,280000.0,20800.0,1.7032808e-09,2.1616315e-09,3.9634865e-11,2.802738e-13,6077.203,7712.571,141.41481
SiNP,3.52,138592.0,215679.0,243474.0,1.2199999999999998e-07,1.2099999999999998e-07,1.0099999999999999e-07,1.3700000000000003e-17,1.3500000000000002e-17,7.900000000000001e-18,4360.0,4380.0,5240.0,1449000000.0,11910000000.0,1551000000.0,23500.0,66000.0,16800.0,9.0068994e-11,3.9281353e-10,3.0963995e-11,2.4196967e-13,372.23257,1623.3999,127.96643
SiNP,3.53,138221.0,209936.0,234200.0,1.55e-07,1.5e-07,3.48e-08,2.78e-17,2.5400000000000004e-17,3.2000000000000003e-19,3450.0,3560.0,15300.0,6060000000.0,20770000000.0,644000000.0,77000.0,134000.0,1270.0,5.379396e-10,5.361737e-10,2.512192e-12,2.6150357e-13,2057.1023,2050.3494,9.606722
SiNP,3.51,138322.0,218146.0,247343.0,1.0259999999999999e-07,1.2699999999999999e-07,9.490000000000001e-08,8.1e-18,1.54e-17,6.500000000000001e-18,5170.0,4180.0,5580.0,492000000.0,7360000000.0,1691000000.0,9700.0,57000.0,15400.0,3.7752922e-11,1.4446472e-10,1.8237554e-11,2.2622282e-13,166.88379,638.5948,80.61766
SiNP,3.53,138351.0,208941.0,276740.0,1.83e-07,1.6599999999999998e-07,2.37e-08,4.6e-17,3.4000000000000004e-17,1e-19,2920.0,3220.0,22500.0,8199999999.999999,21960000000.0,1080000000.0,125000.0,168000.0,760.0,2.276508e-09,1.3814645e-09,9.697649e-13,2.5943923e-13,8774.726,5324.8096,3.737927
SiNP,3.55,135999.0,201052.0,220921.0,1.8e-07,1.81e-07,1.04e-07,4.4000000000000006e-17,4.5000000000000004e-17,8.6e-18,2980.0,2960.0,5140.0,21269999999.999996,32000000000.0,2170000000.0,194000.0,241000.0,20900.0,3.6856447e-09,3.2089598e-09,8.4834376e-11,2.7358286e-13,13471.768,11729.389,310.08658
SiNP,3.56,137056.0,213509.0,241396.0,1.1599999999999999e-07,1.2099999999999998e-07,8.269999999999999e-08,1.16e-17,1.3500000000000002e-17,4.3e-18,4650.0,4430.0,6510.0,1233000000.0,9710000000.0,2200000000.0,19300.0,60000.0,13200.0,8.114937e-11,3.4883857e-10,2.9006544e-11,2.3384186e-13,347.0267,1491.7712,124.04342
SiNP,3.59,136448.0,211892.0,238793.0,1.33e-07,1.3e-07,9.1e-08,1.7900000000000002e-17,1.65e-17,5.6e-18,4070.0000000000005,4170.0,5980.0,1493000000.0,11800000000.0,1312000000.0,28100.0,75000.0,12200.0,1.5582269e-10,2.0101237e-10,2.0960959e-11,2.405197e-13,647.8583,835.7418,87.14861
SiNP,3.52,137042.0,215858.0,244834.0,1.0089999999999998e-07,1.1799999999999998e-07,9.7e-08,7.7e-18,1.2300000000000001e-17,6.900000000000001e-18,5270.0,4520.0,5480.0,518000000.0,7680000000.0,1742000000.0,9600.0,50000.0,16299.999999999998,3.861554e-11,2.1382923e-10,4.4093108e-11,2.282752e-13,169.16223,936.7169,193.15768
SiNP,3.5,137556.0,213181.0,240294.0,1.3e-07,1.44e-07,9.199999999999999e-08,1.67e-17,2.27e-17,5.900000000000001e-18,4059.9999999999995,3660.0,5750.0,1760000000.0,12440000000.0,1374000000.0,29500.0,96000.0,13000.0,8.896651e-11,7.2296014e-10,2.3893172e-11,2.4300088e-13,366.116,2975.1338,98.325455
SiNP,3.52,137909.0,204677.0,225805.0,1.79e-07,1.76e-07,9.400000000000001e-08,4.3e-17,4.1e-17,6.3e-18,2970.0,3030.0,5650.0,17770000000.0,32599999999.999996,1333000000.0,177000.0,229999.99999999997,13400.0,2.582335e-09,2.6814253e-09,2.6545759e-11,2.6168572e-13,9868.078,10246.739,101.441376
SiNP,3.51,134198.0,198339.0,158280.0,2.14e-07,2.1699999999999997e-07,7.700000000000001e-09,7.400000000000001e-17,7.700000000000001e-17,3.399999999999999e-21,2480.0,2450.0,69000.0,30700000000.0,55300000000.0,8000000000.0,330000.0,459999.99999999994,220.00000000000003,6.371791e-09,5.0628395e-09,1.346673e-12,3.1455624e-13,20256.445,16095.181,4.2811837
1000uM Final ZnCl2 SiNP,3.58,137990.0,212296.0,237264.0,1.38e-07,1.6599999999999998e-07,9e-08,1.96e-17,3.5e-17,5.5e-18,3930.0,3250.0,6010.0,4700000000.0,14080000000.0,686000000.0,53000.0,135000.0,8700.0,1.9007061e-10,6.4949685e-10,1.2949666e-11,2.522957e-13,753.3645,2574.3477,51.327335
1000uM Final ZnCl2 SiNP,3.51,135062.0,197950.0,220092.0,1.94e-07,1.57e-07,9.01e-08,5.5000000000000006e-17,2.94e-17,5.5e-18,2740.0,3370.0,5880.0,151000000000.0,46800000000.0,3240000000.0,600000.0,222000.00000000003,19100.0,2.3165253e-08,2.7805622e-09,8.189122e-11,2.664729e-13,86932.87,10434.69,307.31537
1000uM Final ZnCl2 SiNP,3.53,138675.0,214200.0,240542.0,1.57e-07,1.68e-07,8.400000000000001e-08,2.94e-17,3.6000000000000006e-17,4.4000000000000005e-18,3390.0,3180.0,6380.0,1543000000.0,10040000000.0,873000000.0,40000.0,115999.99999999999,8500.0,1.6145191e-10,7.876917e-10,1.4627938e-11,2.4292252e-13,664.62305,3242.5635,60.216476
1000uM Final ZnCl2 SiNP,3.53,134765.0,214006.0,242753.0,8.23e-08,1.28e-07,1.1299999999999998e-07,4.200000000000001e-18,1.57e-17,1.1000000000000002e-17,6480.0,4170.0,4700.0,127600000.0,4430000000.0,1099000000.0,3200.0,45000.0,17600.0,4.462109e-12,6.9019346e-11,2.4652967e-11,2.1669049e-13,20.592085,318.5158,113.77042
1000uM Final ZnCl2 SiNP,3.5,127200.0,196368.0,221824.0,5.11e-08,8.16e-08,5.99e-08,1.01e-18,4.1e-18,1.6200000000000002e-18,10350.0,6480.0,8830.0,1176000000.0,15650000000.0,2910000000.0,3710.0,35000.0,8000.0,9.4293965e-12,3.0136887e-10,1.2402667e-11,2.3093414e-13,40.83154,1304.9993,53.70651
1000uM Final ZnCl2 SiNP,3.54,137234.0,215233.0,242930.0,1.34e-07,1.5e-07,1.05e-07,1.81e-17,2.57e-17,8.6e-18,3990.0,3550.0,5120.0,488999999.99999994,7120000000.0,1202000000.0,16400.0,79000.0,15600.0,2.0828233e-11,2.6501834e-10,2.6930914e-11,2.3599338e-13,88.2577,1122.9906,114.11724
1000uM Final ZnCl2 SiNP,3.5,199448.0,226133.0,255150.0,7.86e-08,5.51e-08,9.5e-09,3.6700000000000005e-18,1.26e-18,6.3999999999999996e-21,6720.0,9600.0,55700.0,9890000000.0,1436000000.0,1860000000.0,25500.0,4800.0,161.0,1.3270801e-10,1.2561781e-11,3.9865602e-13,2.0921176e-13,634.32385,60.043377,1.9055144
1000uM Final ZnCl2 SiNP,3.56,140865.0,219118.0,246465.0,1.028e-07,1.038e-07,8.109999999999999e-08,8.2e-18,8.400000000000002e-18,4e-18,5230.0,5180.0,6630.0,3090000000.0,21820000000.0,1970000000.0,24200.0,66000.0,12000.0,2.0668152e-10,6.2063e-10,1.8786068e-11,2.315929e-13,892.4346,2679.8315,81.11677
1000uM Final ZnCl2 SiNP,3.55,127377.0,200909.0,230043.0,3.46e-08,7.75e-08,5.5e-08,3.12e-19,3.51e-18,1.25e-18,15500.0,6920.0,9760.0,132000000.0,9330000000.0,2530000000.0,570.0,23900.0,6300.0,1.6185778e-12,7.866016e-11,1.3590968e-11,2.1863417e-13,7.403133,359.77982,62.163055
1000uM Final ZnCl2 SiNP,3.53,134255.0,214236.0,243437.0,7.200000000000001e-08,1.23e-07,1.06e-07,2.82e-18,1.41e-17,8.9e-18,7400.0,4330.0,5050.0,85100000.0,3460000000.0,1097000000.0,1980.0,37000.0,15200.0,3.2819541e-12,1.5190259e-10,2.0213121e-11,2.0959508e-13,15.6585455,724.7431,96.43891
1000uM Final ZnCl2 SiNP,3.56,135633.0,212475.0,239964.0,1.36e-07,1.45e-07,1.07e-07,1.9e-17,2.32e-17,9.300000000000001e-18,3950.0,3700.0,5020.0,525000000.0,7020000000.0,1116000000.0,17400.0,73000.0,15800.0,4.3762133e-11,2.137809e-10,2.8388784e-11,2.3317088e-13,187.68266,916.84216,121.750984
1000uM Final ZnCl2 SiNP,3.58,136809.0,217896.0,247328.0,1.02e-07,1.39e-07,1.07e-07,7.900000000000001e-18,2.0299999999999998e-17,9.100000000000001e-18,5330.0,3890.0,5070.0,118400000.0,4210000000.0,1199000000.0,4600.0,51000.0,16200.000000000002,5.816482e-12,1.8746535e-10,2.3215926e-11,2.1350298e-13,27.243095,878.0456,108.73818
1000uM Final ZnCl2 SiNP,3.56,138198.0,216454.0,244179.0,1.48e-07,1.44e-07,1.0099999999999999e-07,2.4400000000000003e-17,2.27e-17,7.7e-18,3640.0,3720.0,5340.0,610000000.0,8050000000.000001,1317000000.0,22200.000000000004,77000.0,15100.0,8.095827e-11,3.4720135e-10,2.391954e-11,2.4063585e-13,336.43478,1442.8496,99.4014
1000uM Final ZnCl2 SiNP,3.53,136307.0,219657.0,251566.0,4.17e-08,1.1299999999999998e-07,9.42e-08,5.5e-19,1.0800000000000001e-17,6.3e-18,12800.0,4730.0,5660.0,88000000.0,3300000000.0,1354000000.0,670.0,30099.999999999996,13500.0,2.5912115e-12,8.257824e-11,3.1021966e-11,2.3189296e-13,11.174171,356.105,133.7771
1000uM Final ZnCl2 SiNP,3.5,135089.0,218729.0,248872.0,3.2400000000000006e-08,1.0269999999999999e-07,8.779999999999999e-08,2.55e-19,8.2e-18,5.1e-18,16299.999999999998,5150.0,6020.0,89700000.0,2630000000.0,1069000000.0,409.99999999999994,22400.000000000004,10400.0,9.210107e-13,5.3553592e-11,1.01704044e-11,2.3022003e-13,4.000567,232.61917,44.176888
1000uM Final ZnCl2 SiNP,3.56,135244.0,206426.0,230140.0,1.7099999999999998e-07,1.75e-07,1.75e-08,3.7000000000000003e-17,4.1e-17,4e-20,3150.0,3070.0,30800.0,3370000000.0,12050000000.0,1030000000.0,69000.0,139000.0,400.0,3.4886102e-10,8.964371e-10,1.298357e-12,2.285345e-13,1526.5135,3922.546,5.6812296
1000uM Final ZnCl2 SiNP,3.59,133603.0,217443.0,248064.0,3.13e-08,5.67e-08,4.7000000000000004e-08,2.32e-19,1.38e-18,7.8e-19,17300.0,9560.0,11530.0,161000000.0,3950000000.0,2069999999.9999998,509.99999999999994,8300.0,4100.0,5.921005e-13,1.7783938e-11,6.2989713e-12,2.3656064e-13,2.5029545,75.17708,26.627302
1000uM Final ZnCl2 SiNP,3.54,134224.0,212656.0,241252.0,4.75e-08,7.93e-08,6.719999999999999e-08,8.099999999999999e-19,3.8e-18,2.29e-18,11270.0,6750.0,7960.0,179000000.0,8900000000.0,2190000000.0,1240.0,24500.0,8700.0,3.4192534e-12,1.0014084e-10,2.1064792e-11,2.1810726e-13,15.676935,459.13574,96.57997
1000uM Final ZnCl2 SiNP,3.55,128563.0,199791.0,222340.0,8.660000000000001e-08,8.92e-08,5.67e-08,4.900000000000001e-18,5.4000000000000005e-18,1.38e-18,6190.0,6010.0,9450.0,1280000000.0,18340000000.0,1317000000.0,11100.000000000002,44000.0,4800.0,3.7787197e-11,8.014658e-10,1.37102725e-11,2.3511182e-13,160.72011,3408.8706,58.31384
1000uM Final ZnCl2 SiNP,3.54,136153.0,217011.0,246182.0,8.400000000000001e-08,1.39e-07,1.02e-07,4.500000000000001e-18,2e-17,8e-18,6360.0,3860.0,5250.0,114700000.0,4019999999.9999995,1070000000.0000001,3100.0,50000.0,14000.0,6.0483446e-12,9.423798e-11,1.72809e-11,2.1343284e-13,28.338396,441.53458,80.96645
1000uM Final ZnCl2 SiNP,3.55,137717.0,210316.0,235679.99999999997,1.6e-07,1.68e-07,5.57e-08,3.1000000000000005e-17,3.6000000000000006e-17,1.3000000000000002e-18,3350.0,3200.0,9600.0,4190000000.0000005,11190000000.0,969999999.9999999,68000.0,123000.0,4000.0,3.6048642e-10,4.6403534e-10,1.6507165e-11,2.2298932e-13,1616.6084,2080.9756,74.02671
1000uM Final ZnCl2 SiNP,3.5,134065.0,211310.0,239394.0,6.02e-08,8.43e-08,7.03e-08,1.64e-18,4.500000000000001e-18,2.6200000000000003e-18,8790.0,6270.0,7520.0,274000000.0,10049999999.999998,2250000000.0,2490.0,29500.0,9700.0,2.6427536e-12,6.272583e-11,2.7239365e-11,2.1885983e-13,12.075097,286.60275,124.46033
1000uM Final ZnCl2 SiNP,3.56,139491.0,223048.0,253639.0,5.3600000000000004e-08,9.359999999999999e-08,9.16e-08,1.16e-18,6.200000000000001e-18,5.8e-18,10000.0,5750.0,5870.0,1050000000.0,11660000000.0,2700000000.0,3800.0,39000.0,17900.0,1.0220111e-11,1.907699e-10,6.442222e-11,2.187253e-13,46.725784,872.18945,294.53482
1000uM Final ZnCl2 SiNP,3.58,136512.0,211682.0,237545.0,1.4699999999999998e-07,1.58e-07,1.1200000000000001e-07,2.38e-17,2.96e-17,1.0700000000000002e-17,3690.0,3430.0,4810.0,1344000000.0,9140000000.0,627000000.0,32000.0,98000.0,13000.0,1.1905466e-10,3.160884e-10,1.2179721e-11,2.316115e-13,514.0274,1364.7354,52.586857
1000uM Final ZnCl2 SiNP,3.54,134597.0,214088.0,242186.0,9.9e-08,1.3e-07,9.9e-08,7.3e-18,1.65e-17,7.3e-18,5410.0,4120.0,5400.0,151900000.0,4560000000.0,1200000000.0,5000.0,47000.0,14000.0,1.9985043e-11,1.1864497e-10,2.1343566e-11,2.1615308e-13,92.457825,548.89325,98.74283
1000uM Final ZnCl2 SiNP,3.57,133760.0,214390.0,243806.0,5.93e-08,1.2199999999999998e-07,1e-07,1.5700000000000001e-18,1.3500000000000002e-17,7.5e-18,9100.0,4440.0,5390.0,86000000.0,3480000000.0,1171000000.0,1340.0,36000.0,14100.0,2.963728e-12,1.3542568e-10,1.9307916e-11,2.2549501e-13,13.1432085,600.5706,85.62458
1000uM Final ZnCl2 SiNP,3.53,134786.0,213736.0,241998.0,1.1499999999999998e-07,1.37e-07,1.06e-07,1.16e-17,1.92e-17,9.100000000000001e-18,4620.0,3900.0,5020.0,183300000.0,4830000000.0,1117000000.0,7400.0,54000.0,15600.0,1.35179585e-11,1.11235354e-10,1.9306945e-11,2.1798791e-13,62.01242,510.2822,88.56888
1000uM Final ZnCl2 SiNP,3.5,135101.0,214628.0,243293.0,1.08e-07,1.4099999999999998e-07,9.9e-08,9.5e-18,2.12e-17,7.3e-18,4890.0,3750.0,5340.0,156800000.0,4400000000.0,1100000000.0,6100.0,55000.0,13500.0,1.037359e-11,3.322486e-10,1.6103608e-11,2.1683512e-13,47.84091,1532.2637,74.2666
1000uM Final ZnCl2 SiNP,3.56,133117.0,212853.0,240637.0,4.29e-08,7.46e-08,7.17e-08,5.9e-19,3.1300000000000003e-18,2.78e-18,12500.0,7210.0,7500.0,140400000.0,7320000000.0,1960000000.0,900.0,19600.0,9400.0,1.6655571e-12,4.9352505e-11,1.1232005e-11,2.0855157e-13,7.986308,236.64412,53.857204
25A 1000uM Final ZnCl2 SiNP,3.55,138016.0,211506.0,235740.00000000003,1.6399999999999999e-07,1.6699999999999997e-07,2.7000000000000004e-08,3.3e-17,3.5e-17,1.48e-19,3270.0,3200.0,19900.0,3290000000.0,12190000000.0,648000000.0,63000.0,127000.0,760.0,4.39016e-10,5.1901206e-10,1.1831833e-12,2.2728272e-13,1931.5854,2283.5525,5.2057776
25A 1000uM Final ZnCl2 SiNP,3.56,133441.0,200631.0,222339.99999999997,1.2099999999999998e-07,1.24e-07,5.9000000000000006e-08,1.3500000000000002e-17,1.43e-17,1.51e-18,4430.0,4340.0,9200.0,18010000000.0,38300000000.0,311000000.0,81000.0,124000.0,2500.0,1.4582442e-09,9.427563e-10,2.1424865e-12,2.585403e-13,5640.298,3646.458,8.286858
25A 1000uM Final ZnCl2 SiNP,3.51,135659.0,213641.0,241001.0,1.34e-07,1.4599999999999998e-07,1.02e-07,1.8200000000000002e-17,2.3300000000000004e-17,8.1e-18,3950.0,3640.0,5180.0,328000000.0,5370000000.0,939000000.0,13500.0,64000.0,13300.0,5.206901e-11,1.6435356e-10,2.39842e-11,2.1366674e-13,243.69263,769.20514,112.2505
25A 1000uM Final ZnCl2 SiNP,3.51,137007.0,213609.0,239997.0,1.68e-07,1.58e-07,1.25e-07,3.6000000000000006e-17,3e-17,1.48e-17,3160.0,3360.0,4240.0,819000000.0,7340000000.0,592000000.0,33000.0,89000.0,15800.0,1.3305661e-10,3.922917e-10,1.9657116e-11,2.3060652e-13,576.9855,1701.1301,85.24094
25A 1000uM Final ZnCl2 SiNP,3.52,137800.0,209981.0,275650.0,1.87e-07,1.88e-07,1.75e-08,4.900000000000001e-17,5.0000000000000005e-17,4e-20,2850.0,2820.0,30400.0,4640000000.0,13460000000.0,1450000000.0,98000.0,170000.0,480.0,7.9333834e-10,7.925098e-10,6.022007e-13,2.5922436e-13,3060.4312,3057.2349,2.3230867
25A 1000uM Final ZnCl2 SiNP,3.59,129270.0,201280.0,224834.0,7.8e-08,8.79e-08,6.559999999999999e-08,3.57e-18,5.1e-18,2.1300000000000002e-18,6960.0,6170.0,8260.0,831000000.0,17600000000.0,1714000000.0,7200.0,42000.0,7300.0,3.028493e-11,4.0102624e-10,2.2982508e-11,2.3260666e-13,130.19804,1724.0531,98.80417
25A 1000uM Final ZnCl2 SiNP,3.58,134554.0,212345.0,239813.0,4.51e-08,7.21e-08,6.14e-08,6.9e-19,2.82e-18,1.75e-18,11980.0,7500.0,8800.0,401999999.99999994,13850000000.0,3270000000.0,1680.0,25099.999999999996,8800.0,7.1994724e-12,1.4383493e-10,2.3210428e-11,2.1783262e-13,33.05048,660.30023,106.55167
25A 1000uM Final ZnCl2 SiNP,3.56,137067.0,218094.0,247228.0,8.849999999999999e-08,1.28e-07,9.6e-08,5.200000000000001e-18,1.5900000000000003e-17,6.6e-18,6080.0,4190.0,5620.0,132700000.0,4470000000.0,1128000000.0,3700.0,45000.0,12600.0,6.0168992e-12,1.7396767e-10,1.9641668e-11,2.1697909e-13,27.730318,801.7716,90.52332
25A 1000uM Final ZnCl2 SiNP,3.58,135581.0,209290.0,234700.0,1.57e-07,1.7699999999999998e-07,5.7300000000000004e-08,2.94e-17,4.2000000000000005e-17,1.42e-18,3440.0,3060.0,9400.0,1685000000.0,9530000000.0,719000000.0,42000.0,125000.0,3600.0,2.7652544e-10,6.003571e-10,7.965204e-12,2.3940263e-13,1155.0643,2507.7297,33.271164
25A 1000uM Final ZnCl2 SiNP,3.55,136774.0,211439.0,239429.0,1.43e-07,1.4099999999999998e-07,1.19e-07,2.2200000000000002e-17,2.11e-17,1.2700000000000002e-17,3740.0,3800.0,4510.0,1608000000.0,10310000000.0,1166000000.0,34000.0,83000.0,19900.0,5.450946e-11,4.640802e-10,3.7878697e-11,2.4046905e-13,226.67973,1929.8958,157.52005
25A 1000uM Final ZnCl2 SiNP,3.53,135610.0,206473.0,271170.0,1.83e-07,1.84e-07,3.73e-08,4.6e-17,4.7000000000000006e-17,3.9e-19,2920.0,2900.0,14300.0,4310000000.0,12940000000.0,398000000.0,91000.0,159000.0,1150.0,2.6466684e-10,6.4400146e-10,7.0263635e-13,2.3684532e-13,1117.467,2719.0803,2.9666467
25A 1000uM Final ZnCl2 SiNP,3.57,135358.0,219659.0,246786.0,4.27e-08,2.41e-07,8.92e-08,5.9e-19,1.05e-16,5.3e-18,12600.0,2240.0,6050.0,98200000.0,4900000000.0,1816000000.0,740.0,167000.0,13899.999999999998,1.1467776e-12,6.128687e-10,1.761103e-11,3.7242505e-13,3.079217,1645.6162,47.28745
25A 1000uM Final ZnCl2 SiNP,3.51,136012.0,209342.0,234797.0,1.7699999999999998e-07,1.4699999999999998e-07,6.12e-08,4.2000000000000005e-17,2.4000000000000002e-17,1.73e-18,2990.0,3600.0,8700.0,2356000000.0,10380000000.0,725000000.0,63000.0,91000.0,4200.0,2.2631735e-10,2.4069907e-10,1.1323447e-11,2.3280604e-13,972.12836,1033.9039,48.638977
25A 1000uM Final ZnCl2 SiNP,3.5,136459.0,212132.0,238136.0,1.48e-07,1.75e-07,1.24e-07,2.4500000000000004e-17,4e-17,1.43e-17,3570.0,3030.0,4270.0,1081000000.0,8270000000.0,555000000.0,30000.0,114999.99999999999,15000.0,2.454453e-10,4.866169e-10,2.283209e-11,2.320812e-13,1057.5837,2096.753,98.37975
25A 1000uM Final ZnCl2 SiNP,3.52,131692.0,207639.0,234509.0,3.94e-08,7.55e-08,6.17e-08,4.6e-19,3.2400000000000005e-18,1.7700000000000002e-18,13500.0,7050.0,8620.0,432000000.0,9530000000.0,2250000000.0,1340.0,23000.0,7500.0,3.6822533e-12,8.961353e-11,1.1707102e-11,2.1781135e-13,16.905699,411.42728,53.748817
25A 1000uM Final ZnCl2 SiNP,3.51,135945.0,210053.0,235280.0,1.58e-07,1.85e-07,6.25e-08,2.9500000000000005e-17,4.8000000000000003e-17,1.8400000000000002e-18,3360.0,2860.0,8500.0,1529000000.0,8930000000.0,723000000.0,40000.0,134000.0,4400.0,1.1281662e-10,6.476498e-10,3.0377983e-12,2.4158122e-13,466.9925,2680.8782,12.574646
25A 1000uM Final ZnCl2 SiNP,3.5,134333.0,214579.0,243362.0,7.690000000000001e-08,1.2199999999999998e-07,1.06e-07,3.4e-18,1.3700000000000003e-17,9.000000000000001e-18,6880.0,4340.0,4990.0,94800000.0,3610000000.0,971000000.0000001,2390.0,37000.0,14500.0,7.20379e-12,2.0737641e-10,2.3461998e-11,2.0781326e-13,34.664726,997.8979,112.89943
25A 1000uM Final ZnCl2 SiNP,3.56,137273.0,215451.0,242711.0,1.0569999999999999e-07,1.2199999999999998e-07,9.039999999999999e-08,8.9e-18,1.38e-17,5.6e-18,5090.0,4400.0,5950.0,649000000.0,9020000000.0,1209000000.0,11700.0,58000.0,11700.0,4.4277103e-11,4.069689e-10,1.0887562e-11,2.4766173e-13,178.78056,1643.245,43.961422
25A 1000uM Final ZnCl2 SiNP,3.5,136165.0,217390.0,247626.0,5.68e-08,1.31e-07,9.5e-08,1.38e-18,1.68e-17,6.500000000000001e-18,9310.0,4050.0,5560.0,198000000.0,4910000000.0,1390000000.0,1880.0,50000.0,14000.0,5.2757946e-12,2.2607868e-10,3.357982e-11,2.1920276e-13,24.068102,1031.3679,153.19067
25A 1000uM Final ZnCl2 SiNP,3.53,135127.0,212289.0,239375.0,1.3e-07,1.3999999999999998e-07,1.1e-07,1.64e-17,2.07e-17,1.01e-17,4110.0,3810.0,4830.0,434999999.99999994,6310000000.0,855000000.0000001,14500.0,64000.0,14700.0,4.482738e-11,3.3847233e-10,1.3656092e-11,2.2458072e-13,199.60477,1507.13,60.807056
25A 1000uM Final ZnCl2 SiNP,3.54,136828.0,215546.0,243222.0,1.24e-07,1.62e-07,9.8e-08,1.42e-17,3.2e-17,7.1e-18,4330.0,3300.0,5450.0,341000000.0,5440000000.0,955000000.0000001,11600.0,80000.0,12300.0,2.0090707e-11,2.0318229e-10,2.776631e-11,2.1496032e-13,93.462395,945.2084,129.16946
25A 1000uM Final ZnCl2 SiNP,3.52,137092.0,210426.0,237570.0,9.359999999999999e-08,1.0489999999999999e-07,5.5800000000000003e-08,6.200000000000001e-18,8.7e-18,1.3100000000000002e-18,5680.0,5070.0,9530.0,5330000000.0,24000000000.0,1263000000.0,26400.0,71000.0,4600.0,1.4552647e-10,8.5999247e-10,8.169964e-12,2.3842183e-13,610.3739,3607.0208,34.266846
25A 1000uM Final ZnCl2 SiNP,3.53,137390.0,212556.0,238166.0,1.55e-07,1.63e-07,6.46e-08,2.78e-17,3.3e-17,2.03e-18,3450.0,3270.0,8300.0,1751000000.0,10710000000.0,774000000.0,41000.0,112999.99999999999,4800.0,2.1766465e-10,1.112375e-09,7.517769e-12,2.4539547e-13,886.99536,4532.989,30.635323
25A 1000uM Final ZnCl2 SiNP,3.57,132203.0,208450.0,236041.0,5.55e-08,7.54e-08,6.43e-08,1.29e-18,3.23e-18,2.01e-18,9720.0,7160.0,8380.0,266000000.0,11080000000.000002,2410000000.0,2060.0,24600.0,8400.0,5.7699037e-12,7.886e-11,8.493429e-12,2.244619e-13,25.705492,351.32913,37.83907
25A 1000uM Final ZnCl2 SiNP,3.54,137359.0,216080.0,243579.0,1.4199999999999997e-07,1.4199999999999997e-07,9.1e-08,2.1600000000000002e-17,2.17e-17,5.7000000000000005e-18,3760.0,3760.0,5860.0,416000000.0,6910000000.0,1090000000.0,17000.0,69000.0,11299.999999999998,3.5352207e-11,1.5236963e-10,1.4918193e-11,2.354818e-13,150.12714,647.0548,63.351788
25A 1000uM Final ZnCl2 SiNP,3.51,135679.0,218892.0,248509.0,4.43e-08,1.1e-07,9.41e-08,6.5e-19,1.0200000000000001e-17,6.3e-18,12000.0,4800.0,5630.0,61700000.0,3200000000.0,1151000000.0,640.0,28600.0,12500.0,1.0814635e-12,8.749506e-11,1.4412544e-11,2.3754658e-13,4.5526376,368.328,60.672497
25A 1000uM Final ZnCl2 SiNP,3.55,135462.0,219001.0,249256.0,3.99e-08,1.1e-07,9.27e-08,4.7999999999999995e-19,1e-17,6.0000000000000004e-18,13500.0,4880.0,5790.0,57900000.0,2780000000.0,1018000000.0,500.0,26200.0,11299.999999999998,5.1677006e-13,5.5806724e-11,9.579129e-12,2.3395066e-13,2.2088847,238.54057,40.945084
25A 1000uM Final ZnCl2 SiNP,3.58,138178.0,214524.0,240922.0,1.7199999999999998e-07,1.7099999999999998e-07,7.61e-08,3.8e-17,3.8e-17,3.3e-18,3140.0,3160.0,7110.0,1249000000.0,9470000000.0,841000000.0,43000.0,117000.0,6900.0,1.221751e-10,7.1353545e-10,9.54416e-12,2.372505e-13,514.96246,3007.519,40.228195
25A 1000uM Final ZnCl2 SiNP,3.54,136150.0,212514.0,241436.0,8.12e-08,9.58e-08,6.65e-08,4e-18,6.6e-18,2.21e-18,6580.0,5580.0,8039.999999999999,1750000000.0,19960000000.0,3010000000.0,11399.999999999998,53000.0,10000.0,4.443061e-11,4.837595e-10,1.7480805e-11,2.4544592e-13,181.01996,1970.9413,71.2206
25A 1000uM Final ZnCl2 SiNP,3.5,137253.0,213576.0,239764.0,1.39e-07,1.55e-07,7.21e-08,2.0299999999999998e-17,2.8e-17,2.8e-18,3800.0,3410.0,7330.0,1183000000.0,8650000000.0,881000000.0,27599.999999999996,93000.0,6400.0,1.0795585e-10,4.802194e-10,5.422999e-12,2.3793768e-13,453.7148,2018.2571,22.791677
25T 1000uM Final ZnCl2 SiNP,3.54,121284.0,192522.0,217552.0,9.01e-08,1.3e-07,1.04e-07,5.5e-18,1.66e-17,8.6e-18,5940.0,4110.0,5130.0,108900000.0,2890000000.0,613000000.0,3500.0,38000.0,11100.000000000002,6.328108e-12,1.0312287e-10,1.0391302e-11,2.100399e-13,30.128124,490.96802,49.472992
25T 1000uM Final ZnCl2 SiNP,3.56,122115.0,189902.0,213659.0,1.3999999999999998e-07,1.4699999999999998e-07,8.07e-08,2.0800000000000003e-17,2.3900000000000004e-17,4e-18,3840.0,3660.0,6660.0,906000000.0,5990000000.0,646000000.0,24300.0,69000.0,6800.0,1.17861e-10,3.0367883e-10,9.7441725e-12,2.382045e-13,494.78912,1274.8661,40.906754
25T 1000uM Final ZnCl2 SiNP,3.53,113837.0,176758.0,196630.0,7.77e-08,8.560000000000001e-08,5.91e-08,3.5400000000000004e-18,4.7000000000000004e-18,1.5500000000000002e-18,6860.0,6230.0,9030.0,626000000.0,10420000000.0,1107000000.0,6200.0,30900.0,4800.0,2.1198779e-11,2.0428655e-10,1.1379011e-11,2.3799552e-13,89.072174,858.363,47.811867
25T 1000uM Final ZnCl2 SiNP,3.51,120168.0,187214.0,210329.0,1.34e-07,1.6699999999999997e-07,8.19e-08,1.7900000000000002e-17,3.5e-17,4.1e-18,3970.0,3180.0,6470.0,519000000.00000006,4310000000.0,469000000.00000006,16800.0,76000.0,6000.0,2.8963436e-11,3.0765998e-10,1.6117786e-11,2.1070401e-13,137.4603,1460.1525,76.49492
25T 1000uM Final ZnCl2 SiNP,3.54,104007.0,165022.0,187209.0,2.6200000000000003e-08,7.88e-08,5.7300000000000004e-08,1.35e-19,3.6900000000000004e-18,1.41e-18,20400.0,6780.0,9340.0,209000000.0,3800000000.0,967000000.0,409.99999999999994,15800.0,4200.0,1.5508456e-12,7.153608e-11,7.842911e-12,2.2515971e-13,6.8877583,317.71262,34.832657
25T 1000uM Final ZnCl2 SiNP,3.5,105440.0,166927.0,187510.0,5.22e-08,7.7e-08,6.34e-08,1.07e-18,3.44e-18,1.92e-18,10120.0,6870.0,8340.0,107400000.0,4320000000.0,778000000.0,1170.0,16200.000000000002,4600.0,2.9925053e-12,1.01781236e-10,1.0031021e-11,2.2649578e-13,13.21219,449.37366,44.287895
25T 1000uM Final ZnCl2 SiNP,3.53,100082.0,154506.0,170481.0,8.93e-08,9.449999999999999e-08,4.13e-08,5.4000000000000005e-18,6.4000000000000006e-18,5.3e-19,5970.0,5640.0,12900.0,782000000.0,7090000000.0,437000000.0,9200.0,31100.0,1470.0,4.74208e-11,3.4013412e-10,3.754258e-12,2.1244547e-13,223.21399,1601.042,17.671633
25T 1000uM Final ZnCl2 SiNP,3.58,102997.0,161411.0,180542.0,7.52e-08,8.91e-08,5.84e-08,3.2100000000000003e-18,5.3e-18,1.5000000000000001e-18,7190.0,6070.0,9270.0,259000000.0,5210000000.0,636000000.0,3740.0,23500.0,3520.0,1.6364026e-11,1.7395511e-10,9.096763e-12,2.092456e-13,78.20488,831.3442,43.474094
25T 1000uM Final ZnCl2 SiNP,3.55,100940.0,156722.0,173067.0,9.01e-08,8.980000000000001e-08,5.12e-08,5.5e-18,5.5e-18,1.01e-18,5950.0,5970.0,10480.0,517000000.0,7420000000.0,665000000.0,7600.0,28600.0,2780.0,1.706757e-11,2.3403807e-10,8.83275e-12,2.0992168e-13,81.30447,1114.8828,42.076405
25T 1000uM Final ZnCl2 SiNP,3.58,107000.0,148533.0,161972.0,1.0209999999999998e-07,8.240000000000001e-08,5.480000000000001e-08,8e-18,4.200000000000001e-18,1.2400000000000001e-18,5300.0,6560.0,9900.0,10000000000.0,4650000000.0,537000000.0,43000.0,19000.0,2850.0,6.69341e-10,7.626503e-11,8.861833e-12,2.2757534e-13,2941.1843,335.11993,38.940216
25T 1000uM Final ZnCl2 SiNP,3.58,103859.0,162933.0,182963.0,7.27e-08,8.55e-08,6.03e-08,2.9e-18,4.7000000000000004e-18,1.65e-18,7440.0,6330.0,8970.0,262000000.0,5620000000.0,701000000.0,3510.0,22500.0,3900.0,2.148163e-11,2.1102148e-10,6.82974e-12,2.1133887e-13,101.64543,998.49817,32.316536
25T 1000uM Final ZnCl2 SiNP,3.56,94893.0,147337.0,156870.0,1.05e-07,1.1399999999999999e-07,4.64e-08,8.7e-18,1.1100000000000001e-17,7.5e-19,5120.0,4730.0,11600.0,500000000.0,9010000000.0,1800000000.0,10200.0,50000.0,3800.0,3.223898e-11,3.0880518e-10,2.0223141e-11,2.2250954e-13,144.88808,1387.829,90.88663
25T 1000uM Final ZnCl2 SiNP,3.54,106552.0,170480.0,193468.0,2.9500000000000003e-08,6.79e-08,6.210000000000001e-08,1.94e-19,2.36e-18,1.8e-18,18100.0,7870.0,8610.0,86500000.0,3470000000.0,1018000000.0,334.0,11200.000000000002,5100.0,1.0226824e-12,4.634659e-11,6.7178325e-12,2.446675e-13,4.1798863,189.42682,27.456985
25T 1000uM Final ZnCl2 SiNP,3.52,105425.0,165332.0,188038.0,5.7199999999999996e-08,8.109999999999999e-08,6.27e-08,1.41e-18,4e-18,1.86e-18,9300.0,6550.0,8480.0,256000000.0,4540000000.0,927000000.0,2160.0,18400.0,5000.0,9.957865e-12,1.4849653e-10,5.502386e-12,2.3065894e-13,43.171383,643.79266,23.855072
25T 1000uM Final ZnCl2 SiNP,3.52,106237.0,170726.0,193748.0,2.44e-08,7.01e-08,5.7300000000000004e-08,1.09e-19,2.6000000000000004e-18,1.42e-18,21800.0,7590.0,9270.0,85000000.0,2990000000.0,996000000.0000001,226.0,11100.000000000002,4300.0,4.8735994e-13,6.724041e-11,9.1861406e-12,2.451018e-13,1.9883981,274.33667,37.478878
25T 1000uM Final ZnCl2 SiNP,3.55,96768.0,150617.0,167024.0,9.09e-08,1.006e-07,6.02e-08,5.7000000000000005e-18,7.7e-18,1.64e-18,5900.0,5330.0,8910.0,250999999.99999997,6070000000.0,708000000.0,5400.0,32000.0,4000.0,2.3199375e-11,2.1374331e-10,1.26222565e-11,2.1250654e-13,109.170166,1005.81995,59.397026
25T 1000uM Final ZnCl2 SiNP,3.53,137258.0,216030.0,243390.0,1.1299999999999998e-07,1.2e-07,8.849999999999999e-08,1.0900000000000002e-17,1.29e-17,5.200000000000001e-18,4720.0,4460.0,6030.0,516000000.0,8029999999.999999,1190000000.0,12000.0,53000.0,11200.000000000002,2.642294e-11,1.1846019e-10,1.0009325e-11,2.356674e-13,112.11963,502.6584,42.47225
25T 1000uM Final ZnCl2 SiNP,3.51,132973.0,211698.0,239937.0,7.690000000000001e-08,1.2199999999999998e-07,9.400000000000001e-08,3.4e-18,1.3700000000000003e-17,6.200000000000001e-18,6900.0,4350.0,5660.0,132100000.0,4640000000.0,1050999999.9999999,2810.0,42000.0,11800.0,3.678158e-12,1.937172e-10,1.2713657e-11,2.1979747e-13,16.734304,881.34406,57.8426
25T 1000uM Final ZnCl2 SiNP,3.54,136770.0,213133.0,239233.0,1.5e-07,1.68e-07,7.389999999999999e-08,2.53e-17,3.6000000000000006e-17,3.0000000000000002e-18,3570.0,3190.0,7240.0,1052999999.9999999,8760000000.0,896000000.0000001,30000.0,109000.00000000001,6700.0,1.320102e-10,5.442913e-10,1.3798778e-11,2.4001444e-13,550.0094,2267.744,57.491447
25T 1000uM Final ZnCl2 SiNP,3.56,130445.0,202048.0,224528.0,9.32e-08,8.61e-08,5e-08,6.1e-18,4.8e-18,9.4e-19,5710.0,6180.0,10640.0,1866000000.0,22300000000.0,1332000000.0,15500.0,46000.0,3800.0,7.036084e-11,2.6852198e-10,5.964574e-12,2.506807e-13,280.67914,1071.1714,23.793512
25T 1000uM Final ZnCl2 SiNP,3.51,133325.0,213804.0,242787.0,7.72e-08,1.33e-07,1.0099999999999999e-07,3.5e-18,1.7700000000000003e-17,7.7e-18,6870.0,3990.0,5270.0,75000000.0,3550000000.0,1076000000.0,2140.0,44000.0,13799.999999999998,3.967962e-12,1.6872559e-10,2.0507072e-11,2.3422827e-13,16.940577,720.3468,87.55165
25T 1000uM Final ZnCl2 SiNP,3.55,135230.0,216620.0,245480.0,6.75e-08,1.1299999999999998e-07,9.19e-08,2.31e-18,1.0800000000000001e-17,5.900000000000001e-18,7950.0,4750.0,5840.0,99900000.0,4099999999.9999995,1222000000.0,1870.0,34000.0,12200.0,4.1078057e-12,1.2538937e-10,2.0005723e-11,2.2177965e-13,18.522013,565.3781,90.2054
25T 1000uM Final ZnCl2 SiNP,3.54,134650.0,215489.0,244455.0,7.040000000000001e-08,1.23e-07,9.15e-08,2.6300000000000003e-18,1.41e-17,5.8e-18,7600.0,4340.0,5840.0,99200000.0,3880000000.0,1205000000.0,2040.0,39000.0,12000.0,3.8009665e-12,1.253939e-10,1.8243875e-11,2.2364178e-13,16.995779,560.69086,81.576324
25T 1000uM Final ZnCl2 SiNP,3.54,135198.0,218375.0,248680.0,3.14e-08,1.0069999999999998e-07,8.86e-08,2.32e-19,7.7e-18,5.200000000000001e-18,17100.0,5310.0,6030.0,84300000.0,3140000000.0,1173000000.0,370.0,23500.0,11100.000000000002,1.0837093e-12,3.813365e-11,1.703897e-11,2.3603786e-13,4.591252,161.55734,72.18744
25T 1000uM Final ZnCl2 SiNP,3.52,132659.0,211962.0,240139.0,3.5200000000000004e-08,6.99e-08,5.93e-08,3.2799999999999996e-19,2.57e-18,1.5700000000000001e-18,15100.0,7610.0,8970.0,219000000.0,7990000000.0,2260000000.0,760.0,18100.0,6900.0,2.1709208e-12,8.1050874e-11,9.183087e-12,2.3343008e-13,9.30009,347.21692,39.339775
25T 1000uM Final ZnCl2 SiNP,3.59,135510.0,213198.0,240496.0,1.39e-07,1.53e-07,1.0099999999999999e-07,2.0299999999999998e-17,2.7100000000000002e-17,7.8e-18,3900.0,3540.0,5370.0,430000000.0,6070000000.0,953999999.9999999,16400.0,75000.0,12900.0,3.6993266e-11,2.3689878e-10,2.0433212e-11,2.1973448e-13,168.3544,1078.1138,92.99047
25T 1000uM Final ZnCl2 SiNP,3.53,134475.0,212213.0,239616.0,1.1699999999999999e-07,1.34e-07,1.02e-07,1.2000000000000001e-17,1.8300000000000003e-17,8.1e-18,4570.0,3970.0,5210.0,354000000.0,5850000000.0,1002000000.0,10600.0,57000.0,13700.000000000002,1.8941997e-11,2.4702201e-10,1.5135894e-11,2.2584613e-13,83.871254,1093.7625,67.018616
25T 1000uM Final ZnCl2 SiNP,3.51,132625.0,214507.0,244144.0,3.27e-08,1.03e-07,8.58e-08,2.64e-19,8.300000000000002e-18,4.8e-18,16200.000000000002,5140.0,6180.0,82000000.0,2770000000.0,1123000000.0,400.0,23200.0,10200.0,1.2257717e-12,7.3281846e-11,2.3618087e-11,2.343787e-13,5.2298765,312.66428,100.76891
SiNP,3.52,137965.0,215462.0,242176.0,1.26e-07,1.34e-07,1.1e-07,1.5e-17,1.81e-17,9.900000000000001e-18,4220.0,3970.0,4860.0,1010000000.0,9610000000.0,700000000.0,20800.0,73000.0,13100.0,7.597335e-11,3.3615985e-10,9.510375e-12,2.3153422e-13,328.13013,1451.8798,41.075462
SiNP,3.58,134462.0,211894.0,240096.0,6.73e-08,7.88e-08,6.86e-08,2.29e-18,3.6800000000000004e-18,2.44e-18,8039.999999999999,6870.0,7880.0,719000000.0,14140000000.0,2300000000.0,5000.0,30299.999999999996,9300.0,1.1954929e-11,2.2465636e-10,1.5649081e-11,2.1597218e-13,55.354023,1040.2097,72.45878
SiNP,3.5,133185.0,198698.0,218990.0,1.85e-07,1.84e-07,1.1799999999999998e-07,4.7000000000000006e-17,4.7000000000000006e-17,1.2500000000000001e-17,2860.0,2870.0,4460.0,12060000000.0,19810000000.0,1116000000.0,155000.0,199000.0,19400.0,1.3681188e-09,1.5096466e-09,5.7346277e-11,2.519366e-13,5430.409,5992.169,227.62186
SiNP,3.57,136531.0,206085.0,228080.00000000003,1.73e-07,1.7e-07,3.38e-08,3.9e-17,3.7000000000000003e-17,2.9e-19,3110.0,3170.0,15900.0,7050000000.0,15780000000.0,1010000000.0,104000.0,149000.0,1490.0,1.1965863e-09,1.2685062e-09,3.5665314e-12,2.0974485e-13,5704.9614,6047.854,17.004143
SiNP,3.54,128793.0,198878.0,218830.0,8.51e-08,8.16e-08,3.38e-08,4.6e-18,4.1e-18,2.9e-19,6280.0,6560.0,15800.0,2840000000.0,25600000000.0,1360000000.0,15900.0,44000.0,1740.0,1.9859103e-10,3.8194262e-10,5.000506e-12,2.3189244e-13,856.3929,1647.068,21.563904
SiNP,3.53,126657.0,195028.0,214401.0,9.19e-08,9.61e-08,4.6200000000000003e-08,5.8e-18,6.7000000000000006e-18,7.4e-19,5800.0,5550.0,11500.0,2690000000.0,27700000000.0,1232000000.0,18100.0,63000.0,3100.0,1.1249394e-10,5.684117e-10,5.7241555e-12,2.5206454e-13,446.29022,2255.0244,22.709087
SiNP,3.56,133318.0,213709.0,242675.0,5.5599999999999995e-08,1.11e-07,8.91e-08,1.29e-18,1.03e-17,5.3e-18,9670.0,4840.0,6030.0,107900000.0,3860000000.0,1174000000.0,1320.0,31500.0,11200.000000000002,3.9785666e-12,6.748473e-11,1.6690324e-11,2.1631559e-13,18.392418,311.9735,77.15729
SiNP,3.51,138753.0,227199.99999999997,263832.0,9.35e-08,9.1e-08,1.1200000000000001e-07,6.200000000000001e-18,5.7000000000000005e-18,1.0700000000000002e-17,5670.0,5830.0,4720.0,423000000.00000006,7800000000.0,3060000000.0,7400.0,30000.0,29000.0,1.2092356e-11,9.218749e-11,5.878123e-11,2.1851744e-13,55.338173,421.877,269.00018
SiNP,3.53,137668.0,169132.0,208363.0,1.62e-07,3.42e-08,1.73e-07,3.2e-17,3.01e-19,3.9e-17,3290.0,15600.0,3080.0,7800000000.0,851000000.0,17510000000.0,96000.0,1410.0,164000.0,8.823204e-10,3.3823283e-12,1.7745706e-09,2.513496e-13,3510.3315,13.456669,7060.169
SiNP,3.59,136231.0,211203.0,237322.0,1.59e-07,1.5e-07,8.400000000000001e-08,3e-17,2.52e-17,4.500000000000001e-18,3420.0,3630.0,6450.0,1464000000.0,10020000000.0,833000000.0,39000.0,92000.0,8400.0,2.0645244e-10,3.8148906e-10,1.628892e-11,2.300635e-13,897.3715,1658.1903,70.80184
SiNP,3.5,136227.0,203959.0,225110.0,1.9499999999999999e-07,2.0499999999999997e-07,7.5e-08,5.6e-17,6.500000000000001e-17,3.2000000000000003e-18,2710.0,2580.0,7070.0,10550000000.0,21200000000.0,1274000000.0,163000.0,254999.99999999997,8300.0,2.822391e-09,1.8438538e-09,3.1057816e-11,2.6083546e-13,10820.58,7069.031,119.070526
SiNP,3.54,137100.0,207255.0,274120.0,1.8e-07,1.82e-07,1.04e-08,4.4000000000000006e-17,4.5000000000000004e-17,8.5e-21,2970.0,2940.0,51500.0,7180000000.0,19620000000.0,3860000000.0,112999.99999999999,191000.0,280.0,7.795227e-10,1.48545e-09,9.716299e-13,2.5027766e-13,3114.6316,5935.208,3.8822079
SiNP,3.55,136504.0,216377.0,244721.0,1.08e-07,1.26e-07,1e-07,9.400000000000001e-18,1.51e-17,7.5e-18,4980.0,4250.0,5370.0,283000000.0,5920000000.0,1300000000.0,8000.0,50000.0,14800.0,1.2026654e-11,2.2354658e-10,2.1030797e-11,2.185673e-13,55.02495,1022.7815,96.22115
SiNP,3.51,137218.0,207813.0,276350.0,1.56e-07,1.48e-07,6.3e-08,2.86e-17,2.4300000000000005e-17,1.9e-18,3400.0,3590.0,8400.0,7830000000.0,21630000000.0,163000000.0,89000.0,133000.0,2100.0,7.988592e-10,6.6051925e-10,3.9305202e-13,2.679525e-13,2981.3464,2465.061,1.4668721
SiNP,3.55,134830.0,200092.0,220494.0,1.73e-07,1.73e-07,1.19e-07,3.9e-17,3.9e-17,1.2800000000000001e-17,3110.0,3090.0,4500.0,17080000000.0,26700000000.0,1720000000.0,160000.0,202000.0,24300.0,1.9661923e-09,1.608875e-09,7.857728e-11,2.5899912e-13,7591.502,6211.8936,303.38818
SiNP,3.58,134405.0,197954.0,217647.0,1.6599999999999998e-07,1.59e-07,1.08e-07,3.5e-17,3e-17,9.5e-18,3260.0,3410.0,5000.0,27300000000.0,36900000000.0,2930000000.0,187000.0,198000.0,26000.0,2.5934352e-09,1.4319057e-09,1.2013918e-10,2.5839555e-13,10036.6875,5541.5264,464.9429
SiNP,3.53,137018.0,210836.0,236308.0,1.4099999999999998e-07,1.4199999999999997e-07,6.370000000000001e-08,2.09e-17,2.17e-17,1.95e-18,3790.0,3750.0,8370.0,2750000000.0,13770000000.0,880000000.0000001,43000.0,98000.0,5000.0,4.764307e-10,5.112098e-10,9.8497165e-12,2.3267526e-13,2047.6206,2197.0957,42.332462
SiNP,3.5,135135.0,200499.0,220638.0,1.9199999999999997e-07,1.6699999999999997e-07,9.6e-08,5.3000000000000005e-17,3.5e-17,6.7000000000000006e-18,2750.0,3160.0,5500.0,16100000000.000002,28200000000.0,1900000000.0,194000.0,195000.0,16700.0,4.811301e-09,1.5777548e-09,3.1554964e-11,2.5027856e-13,19223.785,6303.995,126.07938
SiNP,3.53,137620.0,210279.0,234649.99999999997,1.38e-07,1.54e-07,3.86e-08,1.99e-17,2.73e-17,4.2999999999999997e-19,3860.0,3470.0,13799.999999999998,4230000000.0000005,15910000000.0,831000000.0,51000.0,123000.0,1780.0,1.4896652e-10,5.164946e-10,5.637159e-12,2.403045e-13,619.90735,2149.334,23.4584
SiNP,3.51,134076.0,211311.0,238325.0,6.7e-08,6.719999999999999e-08,5.76e-08,2.2700000000000002e-18,2.29e-18,1.44e-18,7910.0,7890.0,9200.0,455999999.99999994,14330000000.0,2690000000.0,4000.0,22400.000000000004,7100.0,9.9748595e-12,2.432127e-10,1.2566083e-11,2.1885689e-13,45.577087,1111.2865,57.416893
SiNP,3.56,134372.0,208704.0,232852.0,7.35e-08,8.07e-08,5.9000000000000006e-08,3.0000000000000002e-18,4e-18,1.5500000000000002e-18,7310.0,6660.0,9120.0,2140000000.0000002,25099999999.999996,1870000000.0,10300.0,43000.0,6200.0,4.1421727e-11,4.0599313e-10,1.204389e-11,2.311431e-13,179.20383,1756.458,52.105774
SiNP,3.51,136522.0,202212.0,222525.0,1.8999999999999998e-07,1.87e-07,1.36e-07,5.2000000000000007e-17,5.0000000000000005e-17,1.9e-17,2790.0,2830.0,3900.0,17900000000.0,28100000000.0,1670000000.0,200000.0,244000.0,31000.0,3.409357e-09,2.3386515e-09,4.27505e-11,2.683988e-13,12702.579,8713.346,159.27977
SiNP,3.52,137861.0,206743.0,228830.0,1.76e-07,1.81e-07,5.7699999999999994e-08,4.1e-17,4.5000000000000004e-17,1.45e-18,3030.0,2930.0,9200.0,10460000000.0,22320000000.000004,643000000.0,130000.0,202999.99999999997,3500.0,1.4456955e-09,1.457678e-09,1.1917001e-11,2.5677247e-13,5630.259,5676.925,46.410744
SiNP,3.5,139916.0,215328.0,246620.0,1.24e-07,1.37e-07,1.04e-07,1.44e-17,1.93e-17,8.500000000000001e-18,4260.0,3860.0,5080.0,3130000000.0,10910000000.0,2660000000.0,36000.0,81000.0,23200.0,2.7823352e-10,6.064869e-10,8.1733884e-11,2.3828888e-13,1167.6311,2545.175,343.00336
SiNP,3.56,134874.0,213249.0,240599.0,5.6e-08,6.05e-08,5.2900000000000004e-08,1.3300000000000002e-18,1.67e-18,1.1200000000000002e-18,9600.0,8890.0,10169.999999999998,401999999.99999994,14630000000.0,3000000000.0,2590.0,18200.0,6300.0,9.337364e-12,1.0302019e-10,2.1748813e-11,2.1787029e-13,42.857445,472.851,99.82459
SiNP,3.52,138235.0,216526.0,244428.0,1.09e-07,1.2199999999999998e-07,9.1e-08,9.800000000000002e-18,1.3700000000000003e-17,5.7000000000000005e-18,4870.0,4360.0,5830.0,915000000.0,10250000000.0,1530000000.0,14900.0,62000.0,13500.0,4.6272153e-11,3.2034894e-10,1.690175e-11,2.3770935e-13,194.65854,1347.6498,71.10259
25T 100uM Final ZnCl2 SiNP,3.57,137027.0,219918.0,249113.0,4.64e-08,9.22e-08,7.79e-08,7.5e-19,5.900000000000001e-18,3.57e-18,11600.0,5850.0,6920.0,122100000.00000001,5190000000.0,1435000000.0,980.0000000000001,25099.999999999996,9500.0,1.9023884e-12,1.2285432e-10,1.36459195e-11,2.0710488e-13,9.185628,593.1986,65.88893
25T 100uM Final ZnCl2 SiNP,3.55,132249.0,196562.0,216526.0,1.7699999999999998e-07,1.79e-07,1.34e-07,4.2000000000000005e-17,4.3e-17,1.8000000000000003e-17,3030.0,3000.0,4010.0,13980000000.0,21120000000.0,1415000000.0,153000.0,192000.0,28000.0,1.7497206e-09,1.7393967e-09,4.2087236e-11,2.602239e-13,6723.9043,6684.2314,161.73471
25T 100uM Final ZnCl2 SiNP,3.54,134377.0,198129.0,217631.0,2.0199999999999998e-07,2.07e-07,1.2199999999999998e-07,6.200000000000001e-17,6.6e-17,1.3700000000000003e-17,2650.0,2590.0,4380.0,22170000000.0,28000000000.0,2870000000.0,250999.99999999997,290000.0,33000.0,6.4063195e-09,3.040491e-09,1.6919387e-10,2.7919992e-13,22945.277,10890.014,605.9954
25T 100uM Final ZnCl2 SiNP,3.58,136106.0,218912.0,249670.0,5.57e-08,1.1699999999999999e-07,9.51e-08,1.3000000000000002e-18,1.2200000000000001e-17,6.500000000000001e-18,9700.0,4610.0,5680.0,137000000.0,3790000000.0,1363000000.0,1490.0,35000.0,13700.000000000002,3.2562594e-12,1.1149501e-10,1.4168024e-11,2.1713221e-13,14.996667,513.489,65.25068
25T 100uM Final ZnCl2 SiNP,3.53,135201.0,206108.0,229769.99999999997,1.7699999999999998e-07,1.87e-07,3.07e-08,4.2000000000000005e-17,4.900000000000001e-17,2.17e-19,3020.0,2850.0,17400.0,3910000000.0,12549999999.999998,423000000.00000006,81000.0,162000.0,800.0,5.642939e-10,7.658827e-10,1.3617704e-12,2.2171844e-13,2545.0923,3454.3032,6.1418905
25T 100uM Final ZnCl2 SiNP,3.51,134355.0,199125.0,218956.0,2.06e-07,1.98e-07,1.4099999999999998e-07,6.6e-17,5.900000000000001e-17,2.11e-17,2570.0,2680.0,3760.0,15980000000.0,25000000000.0,1700000000.0,223000.0,256999.99999999997,34000.0,2.7945595e-09,2.495091e-09,4.7477633e-11,2.6133438e-13,10693.425,9547.504,181.67389
25T 100uM Final ZnCl2 SiNP,3.52,134552.0,199098.0,219210.0,2.18e-07,1.9199999999999997e-07,1.57e-07,7.8e-17,5.3000000000000005e-17,2.9e-17,2440.0,2770.0,3390.0,16920000000.0,25700000000.0,1840000000.0,260000.0,244000.0,44000.0,2.9584917e-09,3.1795606e-09,7.212954e-11,2.6717525e-13,11073.225,11900.655,269.9709
25T 100uM Final ZnCl2 SiNP,3.56,133184.0,208845.0,236594.0,7.019999999999999e-08,7.63e-08,6.320000000000001e-08,2.61e-18,3.3500000000000003e-18,1.9e-18,7660.0,7050.0,8510.0,493000000.0,12450000000.000002,2450000000.0,4500.0,26700.0,8100.0,1.3413861e-11,1.195602e-10,2.203016e-11,2.1237578e-13,63.160973,562.9653,103.73198
25T 100uM Final ZnCl2 SiNP,3.53,134680.0,205280.0,269150.0,1.1399999999999999e-07,1.0169999999999999e-07,2.28e-08,1.1100000000000001e-17,7.900000000000001e-18,8.999999999999999e-20,4690.0,5240.0,23300.0,13100000000.0,79300000000.0,1780000000.0,61000.0,120000.0,910.0,1.0379179e-09,2.1455144e-09,7.8088843e-13,2.2455827e-13,4622.0425,9554.377,3.4774423
25T 100uM Final ZnCl2 SiNP,3.54,133088.0,212221.0,240401.0,5.26e-08,7.03e-08,6.05e-08,1.1000000000000001e-18,2.6200000000000003e-18,1.67e-18,10160.0,7610.0,8840.0,195000000.0,8700000000.0,2300000000.0,1600.0,19000.0,7200.0,3.3274837e-12,1.4433978e-10,1.1639845e-11,2.1035658e-13,15.818301,686.1672,55.333878
25T 100uM Final ZnCl2 SiNP,3.52,134670.0,196416.0,217240.0,1.8e-07,1.9499999999999999e-07,5.1500000000000005e-08,4.4000000000000006e-17,5.6e-17,1.0300000000000001e-18,2950.0,2720.0,10300.0,32000000000.0,25500000000.0,1690000000.0,240000.0,252000.0,4500.0,4.4316817e-09,1.953641e-09,1.7745382e-11,2.9131428e-13,15212.717,6706.3003,60.914906
25T 100uM Final ZnCl2 SiNP,3.5,129759.0,199386.0,220481.0,9.28e-08,9.09e-08,4.61e-08,6.0000000000000004e-18,5.7000000000000005e-18,7.4e-19,5700.0,5810.0,11500.0,3630000000.0,29700000000.000004,1400000000.0,21500.0,59000.0,3300.0,9.6788605e-11,3.1693095e-10,9.861702e-12,2.5170033e-13,384.53906,1259.1599,39.18033
25T 100uM Final ZnCl2 SiNP,3.58,131521.0,202947.0,226619.0,8.619999999999999e-08,9.300000000000001e-08,6.06e-08,4.8e-18,6.1e-18,1.6800000000000001e-18,6270.0,5820.0,8920.0,2580000000.0,24000000000.0,2069999999.9999998,15500.0,55000.0,6900.0,4.968271e-11,5.3086957e-10,2.20511e-11,2.4241617e-13,204.948,2189.91,90.96382
25T 100uM Final ZnCl2 SiNP,3.59,133167.0,195197.0,213703.0,2.2599999999999996e-07,2.07e-07,1.68e-07,8.7e-17,6.7e-17,3.6000000000000006e-17,2400.0,2620.0,3230.0,23900000000.0,29100000000.0,2540000000.0,320000.0,300000.0,58000.0,7.739399e-09,4.878442e-09,1.991524e-10,2.796298e-13,27677.305,17446.072,712.2002
25T 100uM Final ZnCl2 SiNP,3.56,134257.0,216411.0,246942.0,5.86e-08,1.1299999999999998e-07,9.289999999999999e-08,1.5200000000000002e-18,1.0900000000000002e-17,6.0000000000000004e-18,9170.0,4760.0,5790.0,82100000.00000001,3160000000.0,1212000000.0,1280.0,29500.0,12400.0,2.6333245e-12,6.189171e-11,5.071333e-12,2.3048463e-13,11.425163,268.52856,22.002913
25T 100uM Final ZnCl2 SiNP,3.51,133364.0,211521.0,238733.0,6.26e-08,6.41e-08,6.480000000000001e-08,1.85e-18,1.9900000000000002e-18,2.05e-18,8470.0,8270.0,8180.0,338000000.0,12040000000.0,2360000000.0,2990.0,18700.0,8500.0,1.4480613e-11,3.6984558e-11,1.7871102e-11,2.1479929e-13,67.41462,172.18193,83.19907
25T 100uM Final ZnCl2 SiNP,3.53,135731.0,202260.0,223613.0,1.83e-07,1.73e-07,1.04e-07,4.7000000000000006e-17,3.9e-17,8.500000000000001e-18,2910.0,3090.0,5120.0,13700000000.000002,26500000000.0,852999999.9999999,163000.0,200000.0,13100.0,1.7449183e-09,9.086965e-10,3.2692796e-11,2.5852392e-13,6749.543,3514.9417,126.459465
25T 100uM Final ZnCl2 SiNP,3.5,132249.0,205965.0,230648.0,7.05e-08,8.01e-08,6.320000000000001e-08,2.65e-18,3.9e-18,1.9e-18,7490.0,6600.0,8370.0,1621000000.0,20560000000.0,1990000000.0,8300.0,38000.0,7400.0,4.3159545e-11,3.109826e-10,1.6881226e-11,2.2441063e-13,192.32397,1385.7748,75.22472
25T 100uM Final ZnCl2 SiNP,3.51,138621.0,216394.0,243867.0,1.28e-07,1.43e-07,9.8e-08,1.5800000000000002e-17,2.1900000000000002e-17,7.1e-18,4140.0,3710.0,5410.0,1063000000.0,9670000000.0,1209000000.0,22200.000000000004,83000.0,13899.999999999998,7.034023e-11,4.4669082e-10,3.062782e-11,2.2543232e-13,312.0237,1981.4854,135.8626
25T 100uM Final ZnCl2 SiNP,3.57,140964.0,213250.0,244157.0,1.38e-07,1.78e-07,1.1e-07,1.97e-17,4.3e-17,1e-17,3920.0,3020.0,4910.0,4230000000.0000005,12340000000.0,1848000000.0,51000.0,145000.0,21300.0,3.184827e-10,4.6407284e-10,6.7749334e-11,2.3524742e-13,1353.8202,1972.701,287.99182
25T 100uM Final ZnCl2 SiNP,3.59,131585.0,203132.0,225125.0,9.43e-08,9.67e-08,6.03e-08,6.3e-18,6.8e-18,1.66e-18,5750.0,5610.0,8990.0,2680000000.0,25400000000.0,1640000000.0,18900.0,61000.0,6000.0,9.380499e-11,7.958988e-10,1.4376865e-11,2.3171534e-13,404.82858,3434.8127,62.045376
25T 100uM Final ZnCl2 SiNP,3.55,135359.0,218523.0,249040.0,8.19e-08,1.1200000000000001e-07,8.730000000000001e-08,4.1e-18,1.0500000000000001e-17,5e-18,6550.0,4800.0,6150.0,93699999.99999999,3430000000.0,1236000000.0,2680.0,30200.0,11000.0,4.1483483e-12,1.0553257e-10,2.2436355e-11,2.2925292e-13,18.095074,460.3325,97.867256
25T 100uM Final ZnCl2 SiNP,3.5,136902.0,206012.0,273580.0,1.09e-07,1.54e-07,6.28e-08,9.800000000000002e-18,2.8e-17,1.87e-18,4850.0,3430.0,8420.0,142900000000.0,66800000000.0,14000000000.0,186000.0,260000.0,19300.0,7.1665625e-09,1.3463892e-09,3.8560863e-11,6.314847e-12,1134.875,213.21011,6.106381
25T 100uM Final ZnCl2 SiNP,3.51,137095.0,204943.0,226600.0,1.63e-07,1.68e-07,3.4e-08,3.2e-17,3.6000000000000006e-17,3e-19,3260.0,3150.0,15600.0,13090000000.0,27100000000.0,1190000000.0,125000.0,194000.0,1660.0,2.2861182e-09,2.1798074e-09,3.3177532e-12,2.5540442e-13,8950.974,8534.729,12.990195
25T 100uM Final ZnCl2 SiNP,3.58,137501.0,208241.0,232220.0,1.9699999999999998e-07,1.87e-07,3.62e-08,5.7e-17,5.0000000000000005e-17,3.6e-19,2750.0,2890.0,14900.0,5700000000.0,19390000000.0,578000000.0,120000.0,200000.0,1290.0,7.419221e-10,1.0849218e-09,2.39325e-12,2.5835071e-13,2871.7632,4199.415,9.263571
25T 100uM Final ZnCl2 SiNP,3.55,129008.0,184892.0,199640.0,1e-07,9.99e-08,2.1400000000000003e-08,7.5e-18,7.5e-18,7.4e-20,5360.0,5370.0,25000.0,5010000000.0,1712000000.0,710000000.0,29100.0,17000.0,500.0,2.5962568e-10,3.5569228e-11,1.3447289e-12,2.4119302e-13,1076.4229,147.47205,5.5753226
25T 100uM Final ZnCl2 SiNP,3.56,128451.0,196935.0,217258.0,1.052e-07,1.004e-07,5.4400000000000004e-08,8.800000000000001e-18,7.6e-18,1.22e-18,5110.0,5360.0,9900.0,3570000000.0,30700000000.0,1660000000.0,27200.000000000004,73000.0,5000.0,2.9335093e-10,7.427017e-10,2.2650916e-11,2.5163218e-13,1165.7926,2951.5369,90.015976
25T 500uM Final ZnCl2 SiNP,3.58,134838.0,211844.0,239635.0,1.32e-07,1.35e-07,1.2199999999999998e-07,1.72e-17,1.8700000000000004e-17,1.3700000000000003e-17,4110.0,4000.0,4430.0,743000000.0,8840000000.0,1229000000.0,19400.0,71000.0,21400.0,7.6655945e-11,2.2544608e-10,2.431876e-11,2.0471657e-13,374.44913,1101.2595,118.792336
25T 500uM Final ZnCl2 SiNP,3.54,138481.0,216196.0,243818.0,1.31e-07,1.44e-07,9.6e-08,1.68e-17,2.26e-17,6.7000000000000006e-18,4100.0,3710.0,5570.0,1361000000.0,10790000000.0,1378000000.0,25900.0,89000.0,14100.0,6.2216295e-11,6.414555e-10,2.1410486e-11,2.1984907e-13,282.99548,2917.7085,97.38721
25T 500uM Final ZnCl2 SiNP,3.55,138160.0,213057.0,239462.0,1.6399999999999999e-07,1.59e-07,8.300000000000002e-08,3.3e-17,3.05e-17,4.4000000000000005e-18,3270.0,3360.0,6420.0,2670000000.0,14470000000.0,1042999999.9999999,57000.0,126000.0,9300.0,4.006752e-10,7.4209106e-10,1.1287109e-11,2.3676693e-13,1692.2769,3134.268,47.671814
25T 500uM Final ZnCl2 SiNP,3.54,137660.0,204976.0,226584.0,1.7099999999999998e-07,1.83e-07,8.199999999999999e-08,3.8e-17,4.6e-17,4.1e-18,3130.0,2930.0,6530.0,14370000000.0,30099999999.999996,704000000.0,144000.0,239000.0,7300.0,1.4219403e-09,1.988919e-09,1.8529506e-11,2.5621633e-13,5549.7646,7762.6553,72.31977
25T 500uM Final ZnCl2 SiNP,3.58,138036.0,210859.0,236170.0,1.63e-07,1.7199999999999998e-07,5.04e-08,3.3e-17,3.9e-17,9.699999999999998e-19,3320.0,3140.0,10700.0,4570000000.0,18340000000.0,969000000.0,74000.0,165000.0,3200.0,5.1415205e-10,1.2999336e-09,7.790922e-12,2.4755214e-13,2076.9446,5251.151,31.471844
25T 500uM Final ZnCl2 SiNP,3.56,126670.0,194334.0,214397.0,9.54e-08,9.96e-08,6.39e-08,6.6e-18,7.4e-18,1.9700000000000003e-18,5640.0,5400.0,8410.0,3610000000.0,27900000000.0,1950000000.0,22500.0,68000.0,7400.0,1.7787245e-10,6.404643e-10,1.3726734e-11,2.2692853e-13,783.82587,2822.3171,60.48924
25T 500uM Final ZnCl2 SiNP,3.56,134306.0,212584.0,239955.0,7.05e-08,7.51e-08,6.82e-08,2.6400000000000002e-18,3.2000000000000003e-18,2.3900000000000004e-18,7630.0,7160.0,7880.0,672000000.0,13810000000.0,2690000000.0,5300.0,27300.0,9900.0,2.8746597e-11,1.6368953e-10,7.071066e-12,2.1412173e-13,134.25352,764.4695,33.02358
25T 500uM Final ZnCl2 SiNP,3.52,134285.0,212767.0,240803.0,7.33e-08,7.52e-08,6.75e-08,2.9800000000000003e-18,3.2100000000000003e-18,2.32e-18,7250.0,7070.0,7880.0,613000000.0,11990000000.0,2630000000.0,5500.0,25600.0,9700.0,2.9810893e-11,1.6725409e-10,1.9279585e-11,2.1154066e-13,140.92276,790.64746,91.13891
25T 500uM Final ZnCl2 SiNP,3.56,136442.0,208835.0,234303.0,1.7199999999999998e-07,1.7099999999999998e-07,8.6e-08,3.8e-17,3.8e-17,4.7000000000000004e-18,3130.0,3140.0,6280.0,3250000000.0,15120000000.0,799000000.0,69000.0,148000.0,8500.0,7.540479e-10,1.7770263e-09,2.0639495e-11,2.2991472e-13,3279.685,7729.067,89.77022
25T 500uM Final ZnCl2 SiNP,3.57,137352.0,208791.0,233440.0,1.6599999999999998e-07,1.68e-07,4.4800000000000004e-08,3.4000000000000004e-17,3.5e-17,6.799999999999999e-19,3250.0,3220.0,12000.0,4900000000.0,17480000000.0,882000000.0,79000.0,152000.0,2440.0,6.050309e-10,1.7824006e-09,8.141572e-12,2.2111933e-13,2736.219,8060.808,36.81981
25T 500uM Final ZnCl2 SiNP,3.58,127718.0,195498.0,213479.0,1.08e-07,1.06e-07,6.320000000000001e-08,9.6e-18,8.9e-18,1.9e-18,4990.0,5110.0,8550.0,4340000000.0,31600000000.0,2270000000.0,31800.0,82000.0,7800.0,1.7715181e-10,1.0672159e-09,2.7630632e-11,2.2857044e-13,775.0425,4669.0894,120.88454
25T 500uM Final ZnCl2 SiNP,3.55,138830.0,185149.0,214507.0,5.3e-08,9.9e-08,9.9e-08,1.1200000000000002e-18,7.2e-18,7.4e-18,10100.0,5430.0,5400.0,1520000000.0,57400000000.0,4210000000.0,4500.0,96000.0,26000.0,1.0762818e-11,1.1651476e-09,1.97491e-10,2.4325436e-13,44.245117,4789.8325,811.8703
25T 500uM Final ZnCl2 SiNP,3.51,133368.0,193811.0,211430.0,2.04e-07,2.3199999999999999e-07,4.4000000000000004e-08,6.4e-17,9.400000000000001e-17,6.400000000000001e-19,2600.0,2290.0,12000.0,32100000000.0,38700000000.0,2960000000.0,310000.0,440000.00000000006,4400.0,6.297593e-09,3.986104e-09,4.2430923e-11,3.0474362e-13,20665.217,13080.188,139.23482
25T 500uM Final ZnCl2 SiNP,3.54,137804.0,213943.0,241239.0,1.56e-07,1.44e-07,1.07e-07,2.86e-17,2.26e-17,9.100000000000001e-18,3430.0,3710.0,5020.0,1706000000.0,12450000000.000002,1325000000.0,41000.0,96000.0,17000.0,1.3311445e-10,4.699657e-10,3.646227e-11,2.2516039e-13,591.19836,2087.2485,161.9391
25T 500uM Final ZnCl2 SiNP,3.5,131266.0,202658.0,225452.0,9.44e-08,1.0009999999999999e-07,7.63e-08,6.3e-18,7.6e-18,3.3500000000000003e-18,5600.0,5280.0,6930.0,3070000000.0,26000000000.0,2060000000.0,20500.0,67000.0,11000.0,1.6881292e-10,2.612368e-10,3.977392e-11,2.3874088e-13,707.0968,1094.2274,166.5987
25T 500uM Final ZnCl2 SiNP,3.59,119572.0,186941.0,199038.0,1.19e-07,1.1699999999999999e-07,1.06e-07,1.26e-17,1.2000000000000001e-17,8.9e-18,4570.0,4650.0,5140.0,1199000000.0,25000000000.0,5290000000.0,20000.0,88000.0,33000.0,8.989132e-11,9.457234e-10,9.355399e-11,2.2809296e-13,394.0995,4146.219,410.1573
25T 500uM Final ZnCl2 SiNP,3.53,134790.0,216462.0,245368.0,6.29e-08,6.31e-08,6.13e-08,1.88e-18,1.89e-18,1.73e-18,8480.0,8450.0,8710.0,3210000000.0,9420000000.0,3460000000.0,9300.0,16000.0,9100.0,5.1482367e-11,6.416503e-11,2.4000654e-11,2.0571638e-13,250.25896,311.91016,116.668655
25T 500uM Final ZnCl2 SiNP,3.55,135246.0,212115.0,239013.0,7.56e-08,7.780000000000001e-08,6.93e-08,3.26e-18,3.55e-18,2.51e-18,7090.0,6890.0,7730.0,1291000000.0,16990000000.0,2990000000.0,8500.0,32500.0,10800.0,3.873278e-11,1.3946541e-10,2.6525674e-11,2.0624198e-13,187.80261,676.2222,128.61433
25T 500uM Final ZnCl2 SiNP,3.52,139114.0,217620.0,246754.0,1.32e-07,1.5199999999999998e-07,1.1399999999999999e-07,1.7300000000000002e-17,2.67e-17,1.13e-17,4030.0000000000005,3490.0,4640.0,1256000000.0,10040000000.0,1808000000.0,25500.0,96000.0,23100.0,7.2254286e-11,2.776635e-10,2.4539946e-11,2.3605935e-13,306.08524,1176.2444,103.95668
25T 500uM Final ZnCl2 SiNP,3.53,137831.0,217737.0,247044.0,1.34e-07,1.35e-07,1.06e-07,1.8200000000000002e-17,1.8700000000000004e-17,9.000000000000001e-18,3980.0,3940.0,5020.0,563000000.0,7390000000.0,1588000000.0,17600.0,65000.0,18600.0,4.730902e-11,2.5455937e-10,3.8913144e-11,2.1597711e-13,219.04646,1178.6405,180.17253
25T 500uM Final ZnCl2 SiNP,3.51,127009.0,194963.0,212371.0,1.0309999999999999e-07,1.08e-07,6.78e-08,8.300000000000002e-18,9.5e-18,2.3500000000000002e-18,5140.0,4910.0,7810.0,3240000000.0,30800000000.0,2320000000.0,25099.999999999996,85000.0,9200.0,1.263229e-10,1.3531102e-09,2.8355044e-11,2.2432276e-13,563.1301,6031.979,126.402885
25T 500uM Final ZnCl2 SiNP,3.55,125550.0,193285.0,211264.0,9.910000000000001e-08,1.1e-07,6.39e-08,7.3e-18,1e-17,1.9700000000000003e-18,5410.0,4890.0,8390.0,2390000000.0,27000000000.0,1980000000.0,19800.0,81000.0,7500.0,1.716518e-10,1.0520385e-09,3.0197175e-11,2.4083405e-13,712.73895,4368.313,125.38582
25T 500uM Final ZnCl2 SiNP,3.54,132456.0,207357.0,232786.0,8.12e-08,8.97e-08,7.51e-08,4e-18,5.4000000000000005e-18,3.2000000000000003e-18,6590.0,5960.0,7120.0,1066000000.0,18340000000.0,2340000000.0,8900.0,45000.0,11299.999999999998,3.3655814e-11,3.9857312e-10,2.3318375e-11,2.404508e-13,139.96965,1657.6078,96.97774
25T 500uM Final ZnCl2 SiNP,3.58,131120.0,206475.0,232420.0,7.27e-08,7.87e-08,7.07e-08,2.8900000000000004e-18,3.6800000000000004e-18,2.67e-18,7440.0,6870.0,7650.0,767000000.0,14490000000.0,2380000000.0,6000.0,30600.0,10000.0,3.0833145e-11,1.7396914e-10,1.6668819e-11,2.2131255e-13,139.31946,786.079,75.318
25T 500uM Final ZnCl2 SiNP,3.55,134582.0,196688.0,220807.0,8.33e-08,7.250000000000001e-08,7.480000000000001e-08,4.4000000000000005e-18,2.87e-18,3.15e-18,6440.0,7400.0,7170.0,11830000000.0,5740000000.0,3800000000.0,31100.0,16400.0,14200.0,4.0393375e-10,8.781843e-11,4.200887e-11,2.1318295e-13,1894.7751,411.9393,197.05548
25T 500uM Final ZnCl2 SiNP,3.55,132424.0,207511.0,231828.0,8.380000000000001e-08,8.619999999999999e-08,6.86e-08,4.4000000000000005e-18,4.8e-18,2.43e-18,6400.0,6220.0,7820.0,1292000000.0,20510000000.0,2580000000.0,10400.0,44000.0,9800.0,3.2574204e-11,3.667905e-10,2.0626237e-11,2.418477e-13,134.68892,1516.6177,85.28606
25T 500uM Final ZnCl2 SiNP,3.58,134048.0,207597.0,233905.0,8.67e-08,8.48e-08,6.89e-08,4.900000000000001e-18,4.6e-18,2.4700000000000003e-18,6240.0,6380.0,7850.0,2400000000.0,25299999999.999996,2910000000.0,15100.0,47000.0,10500.0,9.5762336e-11,5.3609617e-10,1.7874471e-11,2.3312328e-13,410.77982,2299.6252,76.6739
25T 750uM Final ZnCl2 SiNP,3.53,134625.0,206953.0,232033.0,1.4099999999999998e-07,1.4099999999999998e-07,6.84e-08,2.1000000000000002e-17,2.11e-17,2.4100000000000003e-18,3790.0,3780.0,7800.0,2790000000.0,14660000000.0,874000000.0,43000.0,99000.0,5700.0,2.9232472e-10,5.103266e-10,8.7546186e-12,2.3470407e-13,1245.5034,2174.3406,37.300667
25T 750uM Final ZnCl2 SiNP,3.57,138455.0,215119.0,245305.0,1.69e-07,1.29e-07,1.06e-07,3.6000000000000006e-17,1.6e-17,8.9e-18,3190.0,4200.0,5110.0,9390000000.0,13640000000.000002,2300000000.0,113999.99999999999,79000.0,21900.0,1.0514206e-09,3.0935413e-10,2.8836393e-11,2.3084776e-13,4554.606,1340.0785,124.9152
25T 750uM Final ZnCl2 SiNP,3.5,135284.0,204883.0,227979.99999999997,1.79e-07,1.68e-07,2.0600000000000002e-08,4.3e-17,3.6000000000000006e-17,6.599999999999999e-20,2960.0,3150.0,25700.0,5580000000.0,17210000000.0,840000000.0,99000.0,153000.0,509.99999999999994,1.5838469e-09,5.443763e-10,8.9654537e-13,2.4146006e-13,6559.457,2254.519,3.7130172
25T 750uM Final ZnCl2 SiNP,3.55,127594.0,196664.0,218367.0,1.0049999999999998e-07,9.630000000000001e-08,7.07e-08,7.7e-18,6.7000000000000006e-18,2.67e-18,5330.0,5570.0,7580.0,2142999999.9999998,23700000000.0,2440000000.0,19300.0,59000.0,10200.0,9.819716e-11,5.494634e-10,4.5399726e-11,2.3128946e-13,424.5639,2375.6526,196.28964
25T 750uM Final ZnCl2 SiNP,3.52,135663.0,197689.0,215706.0,1.79e-07,2.0099999999999996e-07,6.54e-08,4.3e-17,6.1e-17,2.11e-18,2970.0,2650.0,8100.0,63300000000.0,71300000000.0,2860000000.0,330000.0,440000.00000000006,9500.0,1.0420949e-08,8.625251e-09,3.542001e-11,3.0674836e-13,33972.31,28118.326,115.46928
25T 750uM Final ZnCl2 SiNP,3.54,132480.0,204808.0,228050.0,8.83e-08,9.449999999999999e-08,6.99e-08,5.200000000000001e-18,6.4000000000000006e-18,2.58e-18,6050.0,5660.0,7650.0,2880000000.0,27000000000.0,2100000000.0,17300.0,60000.0,9200.0,1.0962894e-10,4.111209e-10,1.7085871e-11,2.3589708e-13,464.7321,1742.7977,72.429344
25T 750uM Final ZnCl2 SiNP,3.52,135570.0,216306.0,245565.0,1.1e-07,1.31e-07,1e-07,1e-17,1.68e-17,7.5e-18,4850.0,4070.0000000000005,5320.0,157800000.0,4260000000.0,1165000000.0,6300.0,46000.0,14100.0,7.317553e-12,1.6156365e-10,2.700401e-11,2.0827445e-13,35.134182,775.7248,129.6559
25T 750uM Final ZnCl2 SiNP,3.51,132530.0,212103.0,240129.0,7.31e-08,7.45e-08,6.36e-08,2.9500000000000005e-18,3.1200000000000003e-18,1.94e-18,7250.0,7110.0,8340.0,3150000000.0,8800000000.0,2670000000.0,12400.0,21600.0,8700.0,1.4215965e-10,1.3429731e-10,1.7954884e-11,2.0976936e-13,677.695,640.2141,85.59345
25T 750uM Final ZnCl2 SiNP,3.57,120686.0,185915.0,201450.0,1.094e-07,1.1799999999999998e-07,9.03e-08,9.900000000000001e-18,1.24e-17,5.5e-18,4930.0,4570.0,5980.0,1585000000.0,23800000000.0,3270000000.0,19600.0,88000.0,19100.0,1.245617e-10,5.949477e-10,4.803019e-11,2.2704778e-13,548.61444,2620.3635,211.54222
25T 750uM Final ZnCl2 SiNP,3.59,133612.0,207739.0,233430.0,8.57e-08,7.87e-08,6.71e-08,4.7000000000000004e-18,3.6800000000000004e-18,2.28e-18,6330.0,6890.0,8080.0,1881000000.0,21490000000.0,2630000000.0,13100.0,37000.0,9500.0,9.8015436e-11,2.2436339e-10,3.4815196e-11,2.2437694e-13,436.83383,999.9396,155.16388
25T 750uM Final ZnCl2 SiNP,3.58,134416.0,215728.0,245149.0,4.8399999999999997e-08,6.59e-08,6.000000000000001e-08,8.5999999999999995e-19,2.15e-18,1.63e-18,11170.0,8210.0,9020.0,250999999.99999997,9010000000.0,2860000000.0,1520.0,16900.0,7900.0,2.9171795e-12,7.783571e-11,1.038401e-11,2.3194803e-13,12.576867,335.5739,44.768692
25T 750uM Final ZnCl2 SiNP,3.59,126542.0,194865.0,216786.0,9.53e-08,9.34e-08,7.5e-08,6.500000000000001e-18,6.200000000000001e-18,3.1800000000000004e-18,5690.0,5800.0,7230.0,1927000000.0,23200000000.0,2920000000.0,16299.999999999998,54000.0,12500.0,8.585752e-11,5.970908e-10,3.682042e-11,2.3054489e-13,372.41132,2589.9114,159.71042
25T 750uM Final ZnCl2 SiNP,3.56,129774.0,201465.0,225190.0,8.92e-08,9.32e-08,7.320000000000001e-08,5.4000000000000005e-18,6.1e-18,2.96e-18,6030.0,5770.0,7350.0,1878000000.0,20690000000.0,2250000000.0,14200.0,51000.0,10400.0,8.566907e-11,3.9597264e-10,1.6083353e-11,2.275076e-13,376.55475,1740.481,70.693695
25T 750uM Final ZnCl2 SiNP,3.59,127916.0,197913.0,219262.0,9.31e-08,9.38e-08,6.34e-08,6.1e-18,6.200000000000001e-18,1.92e-18,5820.0,5780.0,8560.0,2158000000.0,26300000000.0,1880000000.0,16500.0,58000.0,7100.0,1.0557008e-10,4.99013e-10,3.2422433e-11,2.3346174e-13,452.19434,2137.451,138.87686
25T 750uM Final ZnCl2 SiNP,3.51,124235.0,191510.0,206721.0,1.1299999999999998e-07,1.09e-07,6.769999999999999e-08,1.0800000000000001e-17,9.800000000000002e-18,2.3300000000000003e-18,4700.0,4860.0,7840.0,2500000000.0,30400000000.0,3520000000.0,26400.0,86000.0,11299.999999999998,1.7051122e-10,1.1802576e-09,3.591156e-11,2.4767338e-13,688.4519,4765.379,144.99564
25T 750uM Final ZnCl2 SiNP,3.54,134667.0,218441.0,249941.0,2.96e-08,5.46e-08,4.6799999999999996e-08,1.95e-19,1.23e-18,7.7e-19,18100.0,9790.0,11430.0,169000000.0,5350000000.0,2480000000.0,470.0,9000.0,4500.0,7.178621e-13,1.8323792e-11,1.2473839e-11,2.328833e-13,3.0824971,78.6823,53.56262
25T 750uM Final ZnCl2 SiNP,3.51,136882.0,198773.0,217662.0,1.8899999999999999e-07,1.9199999999999997e-07,1.26e-07,5.1e-17,5.3000000000000005e-17,1.51e-17,2810.0,2760.0,4210.0,62900000000.0,76900000000.0,4680000000.0,370000.0,420000.0,45000.0,1.4706722e-08,5.9081215e-09,1.8233572e-10,3.0291153e-13,48551.21,19504.445,601.9438
25T 750uM Final ZnCl2 SiNP,3.51,125978.0,193843.0,228337.0,4.09e-08,9.1e-08,4.92e-08,5.2e-19,5.7000000000000005e-18,9e-19,13000.0,5830.0,10800.0,488000000.0,9420000000.0,6440000000.0,1530.0,33300.0,8000.0,5.431622e-12,1.9649643e-10,2.9891405e-11,2.287706e-13,23.742659,858.92346,130.66106
25T 750uM Final ZnCl2 SiNP,3.55,133003.0,208438.0,239233.0,5.6399999999999995e-08,7.4e-08,6.440000000000001e-08,1.3500000000000001e-18,3.0600000000000003e-18,2.01e-18,9510.0,7240.0,8330.0,659000000.0,12250000000.0,4019999999.9999995,3360.0,25000.0,10800.0,9.111941e-12,1.1978747e-10,2.706194e-11,2.1787468e-13,41.821938,549.79987,124.20874
25T 750uM Final ZnCl2 SiNP,3.52,135606.0,205609.0,229240.00000000003,1.9199999999999997e-07,1.93e-07,3.21e-08,5.400000000000001e-17,5.400000000000001e-17,2.48e-19,2760.0,2750.0,16600.0,4890000000.0,17140000000.0,662000000.0,107000.0,202000.0,1090.0,1.2000404e-09,1.6772719e-09,4.1005333e-12,2.4164622e-13,4966.1045,6941.0225,16.96916
25T 750uM Final ZnCl2 SiNP,3.51,138490.0,221508.0,253475.0,8.630000000000001e-08,1.0249999999999998e-07,8.460000000000002e-08,4.8e-18,8.1e-18,4.6e-18,6140.0,5170.0,6270.0,417000000.0,9880000000.0,2970000000.0,6300.0,43000.0,16200.000000000002,1.5364167e-11,2.6435687e-10,2.4822746e-11,2.2406687e-13,68.56956,1179.8124,110.78276
25T 750uM Final ZnCl2 SiNP,3.53,131638.0,204525.0,228261.0,8.960000000000001e-08,9.519999999999999e-08,7.18e-08,5.4000000000000005e-18,6.500000000000001e-18,2.79e-18,5950.0,5600.0,7420.0,1749000000.0,22030000000.0,2320000000.0,13899.999999999998,56000.0,10300.0,1.4112213e-10,4.306441e-10,2.4116067e-11,2.4278038e-13,581.27484,1773.8011,99.33285
25T 750uM Final ZnCl2 SiNP,3.56,130569.0,205163.0,230448.0,6.92e-08,7.97e-08,6.64e-08,2.5e-18,3.8e-18,2.21e-18,7770.0,6740.0,8090.0,691000000.0,15250000000.0,2530000000.0,5200.0,32300.0,9100.0,8.380211e-12,1.6595293e-10,1.0705712e-11,2.2769373e-13,36.80475,728.8428,47.018036
25T 750uM Final ZnCl2 SiNP,3.51,131267.0,204154.0,228968.0,7.87e-08,8.500000000000001e-08,6.54e-08,3.6700000000000005e-18,4.6e-18,2.11e-18,6740.0,6240.0,8100.0,1687000000.0,21600000000.0,2440000000.0,10500.0,44000.0,8700.0,5.302253e-11,4.850248e-10,2.258795e-11,2.407911e-13,220.20137,2014.297,93.80724
25T 750uM Final ZnCl2 SiNP,3.54,136011.0,211536.0,238265.0,1.44e-07,1.5e-07,1.06e-07,2.27e-17,2.5600000000000002e-17,9.000000000000001e-18,3700.0,3560.0,5030.0,1338000000.0,11030000000.0,1235000000.0,32000.0,98000.0,16400.0,1.8685814e-10,7.5205453e-10,3.814662e-11,2.3709035e-13,788.1305,3172.0166,160.89487
25T 750uM Final ZnCl2 SiNP,3.53,122805.0,189905.0,204523.0,1.056e-07,1.1599999999999999e-07,7.690000000000001e-08,8.9e-18,1.16e-17,3.4e-18,5050.0,4620.0,6940.0,1925000000.0,28400000000.0,4000000000.0,20200.0,93000.0,15400.0,1.0252295e-10,5.250328e-10,7.9192486e-11,2.351381e-13,436.01163,2232.8699,336.79138
25T 750uM Final ZnCl2 SiNP,3.58,138409.0,211151.0,236000.0,1.63e-07,1.63e-07,4.72e-08,3.3e-17,3.3e-17,7.9e-19,3240.0,3240.0,11200.000000000002,5030000000.0,20030000000.0,1048000000.0,78000.0,156000.0,3000.0,7.378272e-10,7.4500106e-10,6.755697e-12,2.6355128e-13,2799.5583,2826.7783,25.633331
25T 750uM Final ZnCl2 SiNP,3.55,128831.0,198724.0,219236.0,9.94e-08,9.73e-08,6.85e-08,7.4e-18,7e-18,2.43e-18,5390.0,5510.0,7820.0,3170000000.0,28100000000.0,2460000000.0,22900.0,65000.0,9600.0,1.4135063e-10,8.780419e-10,2.7300788e-11,2.4583585e-13,574.97974,3571.6594,111.05292
